{"cameraMode":{"drawMode":0,"name":"Shaded","section":"Shading Mode"},"sceneLighting":false,"audioPlay":false,"sceneViewState":{"m_AlwaysRefresh":true,"showFog":true,"showSkybox":true,"showFlares":true,"showImageEffects":true,"showParticleSystems":true,"showVisualEffectGraphs":true,"m_FxEnabled":false},"in2DMode":false,"pivot":{"x":0.1781802773475647,"y":-0.19058048725128175,"z":-14.453529357910157},"rotation":{"x":0.1764308661222458,"y":-0.8015530705451965,"z":0.49463513493537905,"w":0.2858939468860626},"size":10.280451774597168,"orthographic":false}