{"cameraMode":{"drawMode":0,"name":"Shaded","section":"Shading Mode"},"sceneLighting":false,"audioPlay":false,"sceneViewState":{"m_AlwaysRefresh":true,"showFog":true,"showSkybox":true,"showFlares":true,"showImageEffects":false,"showParticleSystems":true,"showVisualEffectGraphs":true,"m_FxEnabled":false},"in2DMode":false,"pivot":{"x":-3.3822360038757326,"y":-7.860257625579834,"z":14.913859367370606},"rotation":{"x":-0.24855487048625947,"y":0.08988313376903534,"z":-0.023186828941106797,"w":-0.9641351103782654},"size":12.12435531616211,"orthographic":false}